{
  "accuracy": 0.8297872340425532,
  "precision": 0.818654131618011,
  "recall": 0.8297872340425532,
  "f1": 0.7996960486322189
}