{
  "accuracy": 0.9148936170212766,
  "precision": 0.9243161094224924,
  "recall": 0.9148936170212766,
  "f1": 0.9175800558779283
}