{
  "accuracy": 0.851063829787234,
  "precision": 0.8449848024316108,
  "recall": 0.851063829787234,
  "f1": 0.8309543046952151
}