{
  "accuracy": 0.7659574468085106,
  "precision": 0.6160962072155413,
  "recall": 0.7659574468085106,
  "f1": 0.6829018200461421
}